sub	nkept_epos	perc_rejected
1	5730	4.500000000000004
8	5767	3.8833333333333386
